run,split,level,n,n_pos,n_neg,accuracy,balanced_accuracy,sensitivity,specificity,precision,f1,mcc,roc_auc,average_precision,signal_mode,ica_keep_labels,brain_ic_min_gof,brain_ic_use_dipoles,model,seed,overrides,path
bipolar_filt_cap10_seed0,train,window,1569,780,789,0.8878266411727215,0.8878668226576972,0.8948717948717949,0.8808618504435995,0.8813131313131313,0.8880407124681934,0.7757563352153748,0.9625556530499496,0.961310077499116,bipolar,"['brain', 'other']",0.0,True,LogisticRegressionCV,0,"data.lazy_loading=true; model.class_weight=balanced; data.signal_mode=bipolar; data.filter_freq=[1,100]; data.notch_freqs=[60]; data.window_len_min=2; data.max_windows_per_subject=10; data.seed=0; output_dir=logs/train/bipolar_filtered/runs/bipolar_filt_cap10_seed0",logs/train/bipolar_filtered/runs/bipolar_filt_cap10_seed0
bipolar_filt_cap10_seed0,train,subject,158,78,80,0.9493670886075948,0.9496794871794872,0.9743589743589745,0.925,0.926829268292683,0.95,0.8999360414535506,0.9932692307692308,0.9929195676198492,bipolar,"['brain', 'other']",0.0,True,LogisticRegressionCV,0,"data.lazy_loading=true; model.class_weight=balanced; data.signal_mode=bipolar; data.filter_freq=[1,100]; data.notch_freqs=[60]; data.window_len_min=2; data.max_windows_per_subject=10; data.seed=0; output_dir=logs/train/bipolar_filtered/runs/bipolar_filt_cap10_seed0",logs/train/bipolar_filtered/runs/bipolar_filt_cap10_seed0
bipolar_filt_cap10_seed0,test,window,408,210,198,0.5465686274509803,0.5450937950937951,0.5952380952380952,0.494949494949495,0.5555555555555556,0.5747126436781609,0.0906300503586623,0.5955507455507456,0.6206301111130046,bipolar,"['brain', 'other']",0.0,True,LogisticRegressionCV,0,"data.lazy_loading=true; model.class_weight=balanced; data.signal_mode=bipolar; data.filter_freq=[1,100]; data.notch_freqs=[60]; data.window_len_min=2; data.max_windows_per_subject=10; data.seed=0; output_dir=logs/train/bipolar_filtered/runs/bipolar_filt_cap10_seed0",logs/train/bipolar_filtered/runs/bipolar_filt_cap10_seed0
bipolar_filt_cap10_seed0,test,subject,41,21,20,0.5609756097560976,0.5583333333333333,0.6666666666666666,0.45,0.56,0.6086956521739131,0.1195477589361953,0.6357142857142857,0.6615905386779009,bipolar,"['brain', 'other']",0.0,True,LogisticRegressionCV,0,"data.lazy_loading=true; model.class_weight=balanced; data.signal_mode=bipolar; data.filter_freq=[1,100]; data.notch_freqs=[60]; data.window_len_min=2; data.max_windows_per_subject=10; data.seed=0; output_dir=logs/train/bipolar_filtered/runs/bipolar_filt_cap10_seed0",logs/train/bipolar_filtered/runs/bipolar_filt_cap10_seed0
bipolar_filt_cap10_seed1,train,window,1570,780,790,0.905095541401274,0.9050632911392404,0.9,0.910126582278481,0.908150064683053,0.9040566645202832,0.810204819075612,0.9672476468679,0.9708119171938846,bipolar,"['brain', 'other']",0.0,True,LogisticRegressionCV,1,"data.lazy_loading=true; model.class_weight=balanced; data.signal_mode=bipolar; data.filter_freq=[1,100]; data.notch_freqs=[60]; data.window_len_min=2; data.max_windows_per_subject=10; data.seed=1; output_dir=logs/train/bipolar_filtered/runs/bipolar_filt_cap10_seed1",logs/train/bipolar_filtered/runs/bipolar_filt_cap10_seed1
bipolar_filt_cap10_seed1,train,subject,158,78,80,0.981012658227848,0.9809294871794872,0.9743589743589745,0.9875,0.987012987012987,0.9806451612903224,0.9620902738631856,0.9961538461538462,0.9961208715830916,bipolar,"['brain', 'other']",0.0,True,LogisticRegressionCV,1,"data.lazy_loading=true; model.class_weight=balanced; data.signal_mode=bipolar; data.filter_freq=[1,100]; data.notch_freqs=[60]; data.window_len_min=2; data.max_windows_per_subject=10; data.seed=1; output_dir=logs/train/bipolar_filtered/runs/bipolar_filt_cap10_seed1",logs/train/bipolar_filtered/runs/bipolar_filt_cap10_seed1
bipolar_filt_cap10_seed1,test,window,407,210,197,0.5872235872235873,0.5841310128112158,0.680952380952381,0.4873096446700508,0.5860655737704918,0.6299559471365639,0.1716090384648073,0.6018854242204495,0.5958582355430609,bipolar,"['brain', 'other']",0.0,True,LogisticRegressionCV,1,"data.lazy_loading=true; model.class_weight=balanced; data.signal_mode=bipolar; data.filter_freq=[1,100]; data.notch_freqs=[60]; data.window_len_min=2; data.max_windows_per_subject=10; data.seed=1; output_dir=logs/train/bipolar_filtered/runs/bipolar_filt_cap10_seed1",logs/train/bipolar_filtered/runs/bipolar_filt_cap10_seed1
bipolar_filt_cap10_seed1,test,subject,41,21,20,0.5853658536585366,0.5833333333333333,0.6666666666666666,0.5,0.5833333333333334,0.6222222222222222,0.1690998853986308,0.6642857142857144,0.6895355252840638,bipolar,"['brain', 'other']",0.0,True,LogisticRegressionCV,1,"data.lazy_loading=true; model.class_weight=balanced; data.signal_mode=bipolar; data.filter_freq=[1,100]; data.notch_freqs=[60]; data.window_len_min=2; data.max_windows_per_subject=10; data.seed=1; output_dir=logs/train/bipolar_filtered/runs/bipolar_filt_cap10_seed1",logs/train/bipolar_filtered/runs/bipolar_filt_cap10_seed1
bipolar_filt_cap10_seed2,train,window,1569,780,789,0.8884639898024219,0.8884493516622793,0.8858974358974359,0.8910012674271229,0.8893178893178894,0.8876043673731535,0.7769214273020217,0.96137922069481,0.9650456282597698,bipolar,"['brain', 'other']",0.0,True,LogisticRegressionCV,2,"data.lazy_loading=true; model.class_weight=balanced; data.signal_mode=bipolar; data.filter_freq=[1,100]; data.notch_freqs=[60]; data.window_len_min=2; data.max_windows_per_subject=10; data.seed=2; output_dir=logs/train/bipolar_filtered/runs/bipolar_filt_cap10_seed2",logs/train/bipolar_filtered/runs/bipolar_filt_cap10_seed2
bipolar_filt_cap10_seed2,train,subject,158,78,80,0.9620253164556962,0.9621794871794872,0.9743589743589745,0.95,0.95,0.9620253164556962,0.9243589743589744,0.9967948717948718,0.9968956621638612,bipolar,"['brain', 'other']",0.0,True,LogisticRegressionCV,2,"data.lazy_loading=true; model.class_weight=balanced; data.signal_mode=bipolar; data.filter_freq=[1,100]; data.notch_freqs=[60]; data.window_len_min=2; data.max_windows_per_subject=10; data.seed=2; output_dir=logs/train/bipolar_filtered/runs/bipolar_filt_cap10_seed2",logs/train/bipolar_filtered/runs/bipolar_filt_cap10_seed2
bipolar_filt_cap10_seed2,test,window,408,210,198,0.5857843137254902,0.586940836940837,0.5476190476190477,0.6262626262626263,0.6084656084656085,0.5764411027568922,0.1742782118513451,0.6692400192400192,0.6644194997287851,bipolar,"['brain', 'other']",0.0,True,LogisticRegressionCV,2,"data.lazy_loading=true; model.class_weight=balanced; data.signal_mode=bipolar; data.filter_freq=[1,100]; data.notch_freqs=[60]; data.window_len_min=2; data.max_windows_per_subject=10; data.seed=2; output_dir=logs/train/bipolar_filtered/runs/bipolar_filt_cap10_seed2",logs/train/bipolar_filtered/runs/bipolar_filt_cap10_seed2
bipolar_filt_cap10_seed2,test,subject,41,21,20,0.6097560975609756,0.6107142857142858,0.5714285714285714,0.65,0.631578947368421,0.6,0.2219576727120168,0.7142857142857143,0.7172879323858954,bipolar,"['brain', 'other']",0.0,True,LogisticRegressionCV,2,"data.lazy_loading=true; model.class_weight=balanced; data.signal_mode=bipolar; data.filter_freq=[1,100]; data.notch_freqs=[60]; data.window_len_min=2; data.max_windows_per_subject=10; data.seed=2; output_dir=logs/train/bipolar_filtered/runs/bipolar_filt_cap10_seed2",logs/train/bipolar_filtered/runs/bipolar_filt_cap10_seed2
bipolar_filt_cap10_seed3,train,window,1569,780,789,0.8782664117272148,0.8782368138832017,0.8730769230769231,0.8833967046894804,0.8809831824062095,0.8770122343850612,0.7565424723053913,0.9523024926066752,0.953483799246127,bipolar,"['brain', 'other']",0.0,True,LogisticRegressionCV,3,"data.lazy_loading=true; model.class_weight=balanced; data.signal_mode=bipolar; data.filter_freq=[1,100]; data.notch_freqs=[60]; data.window_len_min=2; data.max_windows_per_subject=10; data.seed=3; output_dir=logs/train/bipolar_filtered/runs/bipolar_filt_cap10_seed3",logs/train/bipolar_filtered/runs/bipolar_filt_cap10_seed3
bipolar_filt_cap10_seed3,train,subject,158,78,80,0.9430379746835444,0.9432692307692307,0.9615384615384616,0.925,0.925925925925926,0.9433962264150944,0.8867516486189841,0.9915064102564102,0.9916151721096854,bipolar,"['brain', 'other']",0.0,True,LogisticRegressionCV,3,"data.lazy_loading=true; model.class_weight=balanced; data.signal_mode=bipolar; data.filter_freq=[1,100]; data.notch_freqs=[60]; data.window_len_min=2; data.max_windows_per_subject=10; data.seed=3; output_dir=logs/train/bipolar_filtered/runs/bipolar_filt_cap10_seed3",logs/train/bipolar_filtered/runs/bipolar_filt_cap10_seed3
bipolar_filt_cap10_seed3,test,window,408,210,198,0.6715686274509803,0.6688311688311688,0.7619047619047619,0.5757575757575758,0.6557377049180327,0.7048458149779736,0.3441977508392631,0.7405723905723907,0.7343036179764966,bipolar,"['brain', 'other']",0.0,True,LogisticRegressionCV,3,"data.lazy_loading=true; model.class_weight=balanced; data.signal_mode=bipolar; data.filter_freq=[1,100]; data.notch_freqs=[60]; data.window_len_min=2; data.max_windows_per_subject=10; data.seed=3; output_dir=logs/train/bipolar_filtered/runs/bipolar_filt_cap10_seed3",logs/train/bipolar_filtered/runs/bipolar_filt_cap10_seed3
bipolar_filt_cap10_seed3,test,subject,41,21,20,0.7317073170731707,0.7285714285714285,0.8571428571428571,0.6,0.6923076923076923,0.7659574468085106,0.4743995626631047,0.8142857142857143,0.8444663255754801,bipolar,"['brain', 'other']",0.0,True,LogisticRegressionCV,3,"data.lazy_loading=true; model.class_weight=balanced; data.signal_mode=bipolar; data.filter_freq=[1,100]; data.notch_freqs=[60]; data.window_len_min=2; data.max_windows_per_subject=10; data.seed=3; output_dir=logs/train/bipolar_filtered/runs/bipolar_filt_cap10_seed3",logs/train/bipolar_filtered/runs/bipolar_filt_cap10_seed3
bipolar_filt_cap10_seed4,train,window,1569,780,789,0.8878266411727215,0.8878521984985863,0.8923076923076924,0.8833967046894804,0.883248730964467,0.8877551020408163,0.7756993552576491,0.9630203763283612,0.9648595372952012,bipolar,"['brain', 'other']",0.0,True,LogisticRegressionCV,4,"data.lazy_loading=true; model.class_weight=balanced; data.signal_mode=bipolar; data.filter_freq=[1,100]; data.notch_freqs=[60]; data.window_len_min=2; data.max_windows_per_subject=10; data.seed=4; output_dir=logs/train/bipolar_filtered/runs/bipolar_filt_cap10_seed4",logs/train/bipolar_filtered/runs/bipolar_filt_cap10_seed4
bipolar_filt_cap10_seed4,train,subject,158,78,80,0.9683544303797468,0.9685897435897436,0.9871794871794872,0.95,0.9506172839506172,0.9685534591194968,0.93740485197466,0.9955128205128204,0.995443824460558,bipolar,"['brain', 'other']",0.0,True,LogisticRegressionCV,4,"data.lazy_loading=true; model.class_weight=balanced; data.signal_mode=bipolar; data.filter_freq=[1,100]; data.notch_freqs=[60]; data.window_len_min=2; data.max_windows_per_subject=10; data.seed=4; output_dir=logs/train/bipolar_filtered/runs/bipolar_filt_cap10_seed4",logs/train/bipolar_filtered/runs/bipolar_filt_cap10_seed4
bipolar_filt_cap10_seed4,test,window,408,210,198,0.5955882352941176,0.5947330447330448,0.6238095238095238,0.5656565656565656,0.6036866359447005,0.6135831381733021,0.1897698365032628,0.6231601731601731,0.6266190669634135,bipolar,"['brain', 'other']",0.0,True,LogisticRegressionCV,4,"data.lazy_loading=true; model.class_weight=balanced; data.signal_mode=bipolar; data.filter_freq=[1,100]; data.notch_freqs=[60]; data.window_len_min=2; data.max_windows_per_subject=10; data.seed=4; output_dir=logs/train/bipolar_filtered/runs/bipolar_filt_cap10_seed4",logs/train/bipolar_filtered/runs/bipolar_filt_cap10_seed4
bipolar_filt_cap10_seed4,test,subject,41,21,20,0.6097560975609756,0.6083333333333334,0.6666666666666666,0.55,0.6086956521739131,0.6363636363636364,0.2182310672469784,0.6666666666666667,0.6951117026848637,bipolar,"['brain', 'other']",0.0,True,LogisticRegressionCV,4,"data.lazy_loading=true; model.class_weight=balanced; data.signal_mode=bipolar; data.filter_freq=[1,100]; data.notch_freqs=[60]; data.window_len_min=2; data.max_windows_per_subject=10; data.seed=4; output_dir=logs/train/bipolar_filtered/runs/bipolar_filt_cap10_seed4",logs/train/bipolar_filtered/runs/bipolar_filt_cap10_seed4
bipolar_filt_cap20_seed0,train,window,2503,1374,1129,0.9045145825009988,0.9046569660775918,0.9032023289665212,0.9061116031886626,0.9213066072754268,0.912164645350974,0.8077828699244293,0.9659718703545408,0.970555928427437,bipolar,"['brain', 'other']",0.0,True,LogisticRegressionCV,0,"data.lazy_loading=true; model.class_weight=balanced; data.signal_mode=bipolar; data.filter_freq=[1,100]; data.notch_freqs=[60]; data.window_len_min=2; data.max_windows_per_subject=20; data.seed=0; output_dir=logs/train/bipolar_filtered/runs/bipolar_filt_cap20_seed0",logs/train/bipolar_filtered/runs/bipolar_filt_cap20_seed0
bipolar_filt_cap20_seed0,train,subject,158,78,80,0.9493670886075948,0.9496794871794872,0.9743589743589745,0.925,0.926829268292683,0.95,0.8999360414535506,0.9935897435897436,0.9933888183345714,bipolar,"['brain', 'other']",0.0,True,LogisticRegressionCV,0,"data.lazy_loading=true; model.class_weight=balanced; data.signal_mode=bipolar; data.filter_freq=[1,100]; data.notch_freqs=[60]; data.window_len_min=2; data.max_windows_per_subject=20; data.seed=0; output_dir=logs/train/bipolar_filtered/runs/bipolar_filt_cap20_seed0",logs/train/bipolar_filtered/runs/bipolar_filt_cap20_seed0
bipolar_filt_cap20_seed0,test,window,682,392,290,0.5850439882697948,0.5793631245601689,0.6173469387755102,0.5413793103448276,0.6453333333333333,0.6310299869621904,0.1577269714311733,0.6347378606615061,0.7096852313548474,bipolar,"['brain', 'other']",0.0,True,LogisticRegressionCV,0,"data.lazy_loading=true; model.class_weight=balanced; data.signal_mode=bipolar; data.filter_freq=[1,100]; data.notch_freqs=[60]; data.window_len_min=2; data.max_windows_per_subject=20; data.seed=0; output_dir=logs/train/bipolar_filtered/runs/bipolar_filt_cap20_seed0",logs/train/bipolar_filtered/runs/bipolar_filt_cap20_seed0
bipolar_filt_cap20_seed0,test,subject,41,21,20,0.5853658536585366,0.5821428571428572,0.7142857142857143,0.45,0.5769230769230769,0.6382978723404256,0.1704873428320532,0.6761904761904762,0.6917698366139469,bipolar,"['brain', 'other']",0.0,True,LogisticRegressionCV,0,"data.lazy_loading=true; model.class_weight=balanced; data.signal_mode=bipolar; data.filter_freq=[1,100]; data.notch_freqs=[60]; data.window_len_min=2; data.max_windows_per_subject=20; data.seed=0; output_dir=logs/train/bipolar_filtered/runs/bipolar_filt_cap20_seed0",logs/train/bipolar_filtered/runs/bipolar_filt_cap20_seed0
bipolar_filt_cap20_seed1,train,window,2504,1394,1110,0.9061501597444088,0.9070837695658356,0.8988522238163558,0.9153153153153152,0.9302152932442465,0.9142648668369208,0.8112527500174532,0.9684781625240736,0.9773316728648468,bipolar,"['brain', 'other']",0.0,True,LogisticRegressionCV,1,"data.lazy_loading=true; model.class_weight=balanced; data.signal_mode=bipolar; data.filter_freq=[1,100]; data.notch_freqs=[60]; data.window_len_min=2; data.max_windows_per_subject=20; data.seed=1; output_dir=logs/train/bipolar_filtered/runs/bipolar_filt_cap20_seed1",logs/train/bipolar_filtered/runs/bipolar_filt_cap20_seed1
bipolar_filt_cap20_seed1,train,subject,158,78,80,0.981012658227848,0.9809294871794872,0.9743589743589745,0.9875,0.987012987012987,0.9806451612903224,0.9620902738631856,0.9943910256410255,0.9948924364137024,bipolar,"['brain', 'other']",0.0,True,LogisticRegressionCV,1,"data.lazy_loading=true; model.class_weight=balanced; data.signal_mode=bipolar; data.filter_freq=[1,100]; data.notch_freqs=[60]; data.window_len_min=2; data.max_windows_per_subject=20; data.seed=1; output_dir=logs/train/bipolar_filtered/runs/bipolar_filt_cap20_seed1",logs/train/bipolar_filtered/runs/bipolar_filt_cap20_seed1
bipolar_filt_cap20_seed1,test,window,681,372,309,0.5770925110132159,0.5685092389602255,0.6612903225806451,0.4757281553398058,0.6029411764705882,0.6307692307692307,0.1391933359533401,0.5687702265372169,0.5989458587644756,bipolar,"['brain', 'other']",0.0,True,LogisticRegressionCV,1,"data.lazy_loading=true; model.class_weight=balanced; data.signal_mode=bipolar; data.filter_freq=[1,100]; data.notch_freqs=[60]; data.window_len_min=2; data.max_windows_per_subject=20; data.seed=1; output_dir=logs/train/bipolar_filtered/runs/bipolar_filt_cap20_seed1",logs/train/bipolar_filtered/runs/bipolar_filt_cap20_seed1
bipolar_filt_cap20_seed1,test,subject,41,21,20,0.5853658536585366,0.5821428571428572,0.7142857142857143,0.45,0.5769230769230769,0.6382978723404256,0.1704873428320532,0.6452380952380952,0.6821799936785933,bipolar,"['brain', 'other']",0.0,True,LogisticRegressionCV,1,"data.lazy_loading=true; model.class_weight=balanced; data.signal_mode=bipolar; data.filter_freq=[1,100]; data.notch_freqs=[60]; data.window_len_min=2; data.max_windows_per_subject=20; data.seed=1; output_dir=logs/train/bipolar_filtered/runs/bipolar_filt_cap20_seed1",logs/train/bipolar_filtered/runs/bipolar_filt_cap20_seed1
bipolar_filt_cap20_seed2,train,window,2502,1392,1110,0.8924860111910472,0.8932471264367816,0.8864942528735632,0.9,0.917472118959108,0.9017172086225794,0.7836981811762928,0.9579223620171896,0.9677119201774768,bipolar,"['brain', 'other']",0.0,True,LogisticRegressionCV,2,"data.lazy_loading=true; model.class_weight=balanced; data.signal_mode=bipolar; data.filter_freq=[1,100]; data.notch_freqs=[60]; data.window_len_min=2; data.max_windows_per_subject=20; data.seed=2; output_dir=logs/train/bipolar_filtered/runs/bipolar_filt_cap20_seed2",logs/train/bipolar_filtered/runs/bipolar_filt_cap20_seed2
bipolar_filt_cap20_seed2,train,subject,158,78,80,0.9683544303797468,0.9684294871794872,0.9743589743589745,0.9625,0.9620253164556962,0.9681528662420382,0.9367839145523916,0.992948717948718,0.9935147400375794,bipolar,"['brain', 'other']",0.0,True,LogisticRegressionCV,2,"data.lazy_loading=true; model.class_weight=balanced; data.signal_mode=bipolar; data.filter_freq=[1,100]; data.notch_freqs=[60]; data.window_len_min=2; data.max_windows_per_subject=20; data.seed=2; output_dir=logs/train/bipolar_filtered/runs/bipolar_filt_cap20_seed2",logs/train/bipolar_filtered/runs/bipolar_filt_cap20_seed2
bipolar_filt_cap20_seed2,test,window,683,374,309,0.6325036603221084,0.635191146184864,0.606951871657754,0.6634304207119741,0.6858006042296072,0.6439716312056738,0.2692823929544741,0.7084003945797207,0.7312372621705263,bipolar,"['brain', 'other']",0.0,True,LogisticRegressionCV,2,"data.lazy_loading=true; model.class_weight=balanced; data.signal_mode=bipolar; data.filter_freq=[1,100]; data.notch_freqs=[60]; data.window_len_min=2; data.max_windows_per_subject=20; data.seed=2; output_dir=logs/train/bipolar_filtered/runs/bipolar_filt_cap20_seed2",logs/train/bipolar_filtered/runs/bipolar_filt_cap20_seed2
bipolar_filt_cap20_seed2,test,subject,41,21,20,0.6097560975609756,0.6107142857142858,0.5714285714285714,0.65,0.631578947368421,0.6,0.2219576727120168,0.7261904761904763,0.7685953993115353,bipolar,"['brain', 'other']",0.0,True,LogisticRegressionCV,2,"data.lazy_loading=true; model.class_weight=balanced; data.signal_mode=bipolar; data.filter_freq=[1,100]; data.notch_freqs=[60]; data.window_len_min=2; data.max_windows_per_subject=20; data.seed=2; output_dir=logs/train/bipolar_filtered/runs/bipolar_filt_cap20_seed2",logs/train/bipolar_filtered/runs/bipolar_filt_cap20_seed2
bipolar_filt_cap20_seed3,train,window,2521,1405,1116,0.8837762792542642,0.8845785660531384,0.8775800711743772,0.8915770609318996,0.9106351550960118,0.893802102210946,0.7661972178402773,0.9565204913327976,0.9653072968920804,bipolar,"['brain', 'other']",0.0,True,LogisticRegressionCV,3,"data.lazy_loading=true; model.class_weight=balanced; data.signal_mode=bipolar; data.filter_freq=[1,100]; data.notch_freqs=[60]; data.window_len_min=2; data.max_windows_per_subject=20; data.seed=3; output_dir=logs/train/bipolar_filtered/runs/bipolar_filt_cap20_seed3",logs/train/bipolar_filtered/runs/bipolar_filt_cap20_seed3
bipolar_filt_cap20_seed3,train,subject,158,78,80,0.9430379746835444,0.9431089743589745,0.9487179487179488,0.9375,0.9367088607594936,0.9426751592356688,0.8861469461982083,0.9919871794871796,0.9921178007072212,bipolar,"['brain', 'other']",0.0,True,LogisticRegressionCV,3,"data.lazy_loading=true; model.class_weight=balanced; data.signal_mode=bipolar; data.filter_freq=[1,100]; data.notch_freqs=[60]; data.window_len_min=2; data.max_windows_per_subject=20; data.seed=3; output_dir=logs/train/bipolar_filtered/runs/bipolar_filt_cap20_seed3",logs/train/bipolar_filtered/runs/bipolar_filt_cap20_seed3
bipolar_filt_cap20_seed3,test,window,664,361,303,0.697289156626506,0.6876708446467916,0.7977839335180056,0.5775577557755776,0.6923076923076923,0.7413127413127413,0.3864819482571998,0.7704122212775295,0.7915856723794531,bipolar,"['brain', 'other']",0.0,True,LogisticRegressionCV,3,"data.lazy_loading=true; model.class_weight=balanced; data.signal_mode=bipolar; data.filter_freq=[1,100]; data.notch_freqs=[60]; data.window_len_min=2; data.max_windows_per_subject=20; data.seed=3; output_dir=logs/train/bipolar_filtered/runs/bipolar_filt_cap20_seed3",logs/train/bipolar_filtered/runs/bipolar_filt_cap20_seed3
bipolar_filt_cap20_seed3,test,subject,41,21,20,0.7073170731707317,0.7035714285714285,0.8571428571428571,0.55,0.6666666666666666,0.75,0.4291662538799943,0.8333333333333333,0.8652597988827677,bipolar,"['brain', 'other']",0.0,True,LogisticRegressionCV,3,"data.lazy_loading=true; model.class_weight=balanced; data.signal_mode=bipolar; data.filter_freq=[1,100]; data.notch_freqs=[60]; data.window_len_min=2; data.max_windows_per_subject=20; data.seed=3; output_dir=logs/train/bipolar_filtered/runs/bipolar_filt_cap20_seed3",logs/train/bipolar_filtered/runs/bipolar_filt_cap20_seed3
bipolar_filt_cap20_seed4,train,window,2536,1374,1162,0.8832807570977917,0.8836543929930577,0.8791848617176128,0.8881239242685026,0.9028400597907325,0.8908554572271387,0.765790784428146,0.9600128524077596,0.9678680469588404,bipolar,"['brain', 'other']",0.0,True,LogisticRegressionCV,4,"data.lazy_loading=true; model.class_weight=balanced; data.signal_mode=bipolar; data.filter_freq=[1,100]; data.notch_freqs=[60]; data.window_len_min=2; data.max_windows_per_subject=20; data.seed=4; output_dir=logs/train/bipolar_filtered/runs/bipolar_filt_cap20_seed4",logs/train/bipolar_filtered/runs/bipolar_filt_cap20_seed4
bipolar_filt_cap20_seed4,train,subject,158,78,80,0.9620253164556962,0.9621794871794872,0.9743589743589745,0.95,0.95,0.9620253164556962,0.9243589743589744,0.992948717948718,0.9926550184559852,bipolar,"['brain', 'other']",0.0,True,LogisticRegressionCV,4,"data.lazy_loading=true; model.class_weight=balanced; data.signal_mode=bipolar; data.filter_freq=[1,100]; data.notch_freqs=[60]; data.window_len_min=2; data.max_windows_per_subject=20; data.seed=4; output_dir=logs/train/bipolar_filtered/runs/bipolar_filt_cap20_seed4",logs/train/bipolar_filtered/runs/bipolar_filt_cap20_seed4
bipolar_filt_cap20_seed4,test,window,649,392,257,0.5824345146379045,0.5759449694274597,0.6071428571428571,0.5447470817120622,0.6704225352112676,0.6372155287817939,0.1492281519591611,0.6128007623282776,0.7024785523619432,bipolar,"['brain', 'other']",0.0,True,LogisticRegressionCV,4,"data.lazy_loading=true; model.class_weight=balanced; data.signal_mode=bipolar; data.filter_freq=[1,100]; data.notch_freqs=[60]; data.window_len_min=2; data.max_windows_per_subject=20; data.seed=4; output_dir=logs/train/bipolar_filtered/runs/bipolar_filt_cap20_seed4",logs/train/bipolar_filtered/runs/bipolar_filt_cap20_seed4
bipolar_filt_cap20_seed4,test,subject,41,21,20,0.6341463414634146,0.6321428571428571,0.7142857142857143,0.55,0.625,0.6666666666666666,0.2681441039892574,0.6547619047619047,0.6857927573181877,bipolar,"['brain', 'other']",0.0,True,LogisticRegressionCV,4,"data.lazy_loading=true; model.class_weight=balanced; data.signal_mode=bipolar; data.filter_freq=[1,100]; data.notch_freqs=[60]; data.window_len_min=2; data.max_windows_per_subject=20; data.seed=4; output_dir=logs/train/bipolar_filtered/runs/bipolar_filt_cap20_seed4",logs/train/bipolar_filtered/runs/bipolar_filt_cap20_seed4
bipolar_filt_cap40_seed0,train,window,3715,2321,1394,0.9114401076716016,0.9119346964308784,0.909952606635071,0.9139167862266858,0.946236559139785,0.9277399516802108,0.8145348218196283,0.971916943236138,0.9824865591473128,bipolar,"['brain', 'other']",0.0,True,LogisticRegressionCV,0,"data.lazy_loading=true; model.class_weight=balanced; data.signal_mode=bipolar; data.filter_freq=[1,100]; data.notch_freqs=[60]; data.window_len_min=2; data.max_windows_per_subject=40; data.seed=0; output_dir=logs/train/bipolar_filtered/runs/bipolar_filt_cap40_seed0",logs/train/bipolar_filtered/runs/bipolar_filt_cap40_seed0
bipolar_filt_cap40_seed0,train,subject,158,78,80,0.9556962025316456,0.9559294871794872,0.9743589743589745,0.9375,0.9382716049382716,0.9559748427672956,0.912078250296822,0.9934294871794872,0.9933957296493532,bipolar,"['brain', 'other']",0.0,True,LogisticRegressionCV,0,"data.lazy_loading=true; model.class_weight=balanced; data.signal_mode=bipolar; data.filter_freq=[1,100]; data.notch_freqs=[60]; data.window_len_min=2; data.max_windows_per_subject=40; data.seed=0; output_dir=logs/train/bipolar_filtered/runs/bipolar_filt_cap40_seed0",logs/train/bipolar_filtered/runs/bipolar_filt_cap40_seed0
bipolar_filt_cap40_seed0,test,window,1024,619,405,0.6328125,0.6092143840124454,0.7221324717285945,0.4962962962962963,0.6866359447004609,0.7039370078740157,0.2219411143233337,0.6663236203354674,0.764736756725886,bipolar,"['brain', 'other']",0.0,True,LogisticRegressionCV,0,"data.lazy_loading=true; model.class_weight=balanced; data.signal_mode=bipolar; data.filter_freq=[1,100]; data.notch_freqs=[60]; data.window_len_min=2; data.max_windows_per_subject=40; data.seed=0; output_dir=logs/train/bipolar_filtered/runs/bipolar_filt_cap40_seed0",logs/train/bipolar_filtered/runs/bipolar_filt_cap40_seed0
bipolar_filt_cap40_seed0,test,subject,41,21,20,0.6097560975609756,0.6071428571428572,0.7142857142857143,0.5,0.6,0.6521739130434783,0.2195775164134199,0.7047619047619048,0.7633867040311877,bipolar,"['brain', 'other']",0.0,True,LogisticRegressionCV,0,"data.lazy_loading=true; model.class_weight=balanced; data.signal_mode=bipolar; data.filter_freq=[1,100]; data.notch_freqs=[60]; data.window_len_min=2; data.max_windows_per_subject=40; data.seed=0; output_dir=logs/train/bipolar_filtered/runs/bipolar_filt_cap40_seed0",logs/train/bipolar_filtered/runs/bipolar_filt_cap40_seed0
bipolar_filt_cap40_seed1,train,window,3636,2279,1357,0.9075907590759076,0.911227855628414,0.8968845985081176,0.9255711127487104,0.9529137529137528,0.9240506329113924,0.8087646064441931,0.9707783378597252,0.983511882412042,bipolar,"['brain', 'other']",0.0,True,LogisticRegressionCV,1,"data.lazy_loading=true; model.class_weight=balanced; data.signal_mode=bipolar; data.filter_freq=[1,100]; data.notch_freqs=[60]; data.window_len_min=2; data.max_windows_per_subject=40; data.seed=1; output_dir=logs/train/bipolar_filtered/runs/bipolar_filt_cap40_seed1",logs/train/bipolar_filtered/runs/bipolar_filt_cap40_seed1
bipolar_filt_cap40_seed1,train,subject,158,78,80,0.9620253164556962,0.9620192307692308,0.9615384615384616,0.9625,0.9615384615384616,0.9615384615384616,0.9240384615384616,0.9897435897435898,0.9917724443010498,bipolar,"['brain', 'other']",0.0,True,LogisticRegressionCV,1,"data.lazy_loading=true; model.class_weight=balanced; data.signal_mode=bipolar; data.filter_freq=[1,100]; data.notch_freqs=[60]; data.window_len_min=2; data.max_windows_per_subject=40; data.seed=1; output_dir=logs/train/bipolar_filtered/runs/bipolar_filt_cap40_seed1",logs/train/bipolar_filtered/runs/bipolar_filt_cap40_seed1
bipolar_filt_cap40_seed1,test,window,1103,661,442,0.5639165911151405,0.5424593205139614,0.6505295007564297,0.4343891402714932,0.6323529411764706,0.6413124533929903,0.0855835426665302,0.5359937295062329,0.632242599281951,bipolar,"['brain', 'other']",0.0,True,LogisticRegressionCV,1,"data.lazy_loading=true; model.class_weight=balanced; data.signal_mode=bipolar; data.filter_freq=[1,100]; data.notch_freqs=[60]; data.window_len_min=2; data.max_windows_per_subject=40; data.seed=1; output_dir=logs/train/bipolar_filtered/runs/bipolar_filt_cap40_seed1",logs/train/bipolar_filtered/runs/bipolar_filt_cap40_seed1
bipolar_filt_cap40_seed1,test,subject,41,21,20,0.5853658536585366,0.5821428571428572,0.7142857142857143,0.45,0.5769230769230769,0.6382978723404256,0.1704873428320532,0.65,0.6675855238809214,bipolar,"['brain', 'other']",0.0,True,LogisticRegressionCV,1,"data.lazy_loading=true; model.class_weight=balanced; data.signal_mode=bipolar; data.filter_freq=[1,100]; data.notch_freqs=[60]; data.window_len_min=2; data.max_windows_per_subject=40; data.seed=1; output_dir=logs/train/bipolar_filtered/runs/bipolar_filt_cap40_seed1",logs/train/bipolar_filtered/runs/bipolar_filt_cap40_seed1
bipolar_filt_cap40_seed2,train,window,3709,2332,1377,0.8999730385548665,0.9027592486711984,0.8919382504288165,0.9135802469135802,0.9458844929513416,0.9181196203928492,0.7921468007120934,0.9650291919067354,0.979735328312492,bipolar,"['brain', 'other']",0.0,True,LogisticRegressionCV,2,"data.lazy_loading=true; model.class_weight=balanced; data.signal_mode=bipolar; data.filter_freq=[1,100]; data.notch_freqs=[60]; data.window_len_min=2; data.max_windows_per_subject=40; data.seed=2; output_dir=logs/train/bipolar_filtered/runs/bipolar_filt_cap40_seed2",logs/train/bipolar_filtered/runs/bipolar_filt_cap40_seed2
bipolar_filt_cap40_seed2,train,subject,158,78,80,0.9493670886075948,0.9493589743589744,0.9487179487179488,0.95,0.9487179487179488,0.9487179487179488,0.8987179487179487,0.988301282051282,0.9898700843747912,bipolar,"['brain', 'other']",0.0,True,LogisticRegressionCV,2,"data.lazy_loading=true; model.class_weight=balanced; data.signal_mode=bipolar; data.filter_freq=[1,100]; data.notch_freqs=[60]; data.window_len_min=2; data.max_windows_per_subject=40; data.seed=2; output_dir=logs/train/bipolar_filtered/runs/bipolar_filt_cap40_seed2",logs/train/bipolar_filtered/runs/bipolar_filt_cap40_seed2
bipolar_filt_cap40_seed2,test,window,1030,608,422,0.6271844660194175,0.629840670990272,0.6151315789473685,0.6445497630331753,0.7137404580152672,0.6607773851590106,0.2554511487604628,0.7087451671239711,0.7745401660362836,bipolar,"['brain', 'other']",0.0,True,LogisticRegressionCV,2,"data.lazy_loading=true; model.class_weight=balanced; data.signal_mode=bipolar; data.filter_freq=[1,100]; data.notch_freqs=[60]; data.window_len_min=2; data.max_windows_per_subject=40; data.seed=2; output_dir=logs/train/bipolar_filtered/runs/bipolar_filt_cap40_seed2",logs/train/bipolar_filtered/runs/bipolar_filt_cap40_seed2
bipolar_filt_cap40_seed2,test,subject,41,21,20,0.6585365853658537,0.6595238095238095,0.6190476190476191,0.7,0.6842105263157895,0.65,0.3198099800366694,0.6976190476190476,0.7498408315792484,bipolar,"['brain', 'other']",0.0,True,LogisticRegressionCV,2,"data.lazy_loading=true; model.class_weight=balanced; data.signal_mode=bipolar; data.filter_freq=[1,100]; data.notch_freqs=[60]; data.window_len_min=2; data.max_windows_per_subject=40; data.seed=2; output_dir=logs/train/bipolar_filtered/runs/bipolar_filt_cap40_seed2",logs/train/bipolar_filtered/runs/bipolar_filt_cap40_seed2
bipolar_filt_cap40_seed3,train,window,3675,2314,1361,0.8938775510204081,0.8971203300740406,0.8846153846153846,0.9096252755326966,0.9433179723502304,0.9130240856378232,0.7799463670203061,0.9633035854337112,0.9779657788770836,bipolar,"['brain', 'other']",0.0,True,LogisticRegressionCV,3,"data.lazy_loading=true; model.class_weight=balanced; data.signal_mode=bipolar; data.filter_freq=[1,100]; data.notch_freqs=[60]; data.window_len_min=2; data.max_windows_per_subject=40; data.seed=3; output_dir=logs/train/bipolar_filtered/runs/bipolar_filt_cap40_seed3",logs/train/bipolar_filtered/runs/bipolar_filt_cap40_seed3
bipolar_filt_cap40_seed3,train,subject,158,78,80,0.9430379746835444,0.942948717948718,0.935897435897436,0.95,0.948051948051948,0.9419354838709676,0.8861104688296717,0.9881410256410256,0.9885558418066795,bipolar,"['brain', 'other']",0.0,True,LogisticRegressionCV,3,"data.lazy_loading=true; model.class_weight=balanced; data.signal_mode=bipolar; data.filter_freq=[1,100]; data.notch_freqs=[60]; data.window_len_min=2; data.max_windows_per_subject=40; data.seed=3; output_dir=logs/train/bipolar_filtered/runs/bipolar_filt_cap40_seed3",logs/train/bipolar_filtered/runs/bipolar_filt_cap40_seed3
bipolar_filt_cap40_seed3,test,window,1064,626,438,0.6983082706766918,0.677443943571564,0.7955271565495208,0.5593607305936074,0.7206946454413893,0.7562642369020501,0.3660344474779796,0.767830831400353,0.8090813904521059,bipolar,"['brain', 'other']",0.0,True,LogisticRegressionCV,3,"data.lazy_loading=true; model.class_weight=balanced; data.signal_mode=bipolar; data.filter_freq=[1,100]; data.notch_freqs=[60]; data.window_len_min=2; data.max_windows_per_subject=40; data.seed=3; output_dir=logs/train/bipolar_filtered/runs/bipolar_filt_cap40_seed3",logs/train/bipolar_filtered/runs/bipolar_filt_cap40_seed3
bipolar_filt_cap40_seed3,test,subject,41,21,20,0.7073170731707317,0.7047619047619047,0.8095238095238095,0.6,0.68,0.7391304347826086,0.4196370313678692,0.8166666666666667,0.8620586809285737,bipolar,"['brain', 'other']",0.0,True,LogisticRegressionCV,3,"data.lazy_loading=true; model.class_weight=balanced; data.signal_mode=bipolar; data.filter_freq=[1,100]; data.notch_freqs=[60]; data.window_len_min=2; data.max_windows_per_subject=40; data.seed=3; output_dir=logs/train/bipolar_filtered/runs/bipolar_filt_cap40_seed3",logs/train/bipolar_filtered/runs/bipolar_filt_cap40_seed3
bipolar_filt_cap40_seed4,train,window,3808,2296,1512,0.9719012605042016,0.973988579171506,0.963850174216028,0.984126984126984,0.9892713455520786,0.9763953231855284,0.942190293826426,0.9965715622292278,0.9978721068056948,bipolar,"['brain', 'other']",0.0,True,LogisticRegressionCV,4,"data.lazy_loading=true; model.class_weight=balanced; data.signal_mode=bipolar; data.filter_freq=[1,100]; data.notch_freqs=[60]; data.window_len_min=2; data.max_windows_per_subject=40; data.seed=4; output_dir=logs/train/bipolar_filtered/runs/bipolar_filt_cap40_seed4",logs/train/bipolar_filtered/runs/bipolar_filt_cap40_seed4
bipolar_filt_cap40_seed4,train,subject,158,78,80,1.0,1.0,1.0,1.0,1.0,1.0,1.0,1.0,0.9999999999999998,bipolar,"['brain', 'other']",0.0,True,LogisticRegressionCV,4,"data.lazy_loading=true; model.class_weight=balanced; data.signal_mode=bipolar; data.filter_freq=[1,100]; data.notch_freqs=[60]; data.window_len_min=2; data.max_windows_per_subject=40; data.seed=4; output_dir=logs/train/bipolar_filtered/runs/bipolar_filt_cap40_seed4",logs/train/bipolar_filtered/runs/bipolar_filt_cap40_seed4
bipolar_filt_cap40_seed4,test,window,931,644,287,0.6079484425349087,0.584305408271474,0.6459627329192547,0.5226480836236934,0.7522603978300181,0.6950710108604845,0.1585480292271202,0.6423485619062046,0.7865834824956094,bipolar,"['brain', 'other']",0.0,True,LogisticRegressionCV,4,"data.lazy_loading=true; model.class_weight=balanced; data.signal_mode=bipolar; data.filter_freq=[1,100]; data.notch_freqs=[60]; data.window_len_min=2; data.max_windows_per_subject=40; data.seed=4; output_dir=logs/train/bipolar_filtered/runs/bipolar_filt_cap40_seed4",logs/train/bipolar_filtered/runs/bipolar_filt_cap40_seed4
bipolar_filt_cap40_seed4,test,subject,41,21,20,0.6585365853658537,0.655952380952381,0.7619047619047619,0.55,0.64,0.6956521739130435,0.3196072738906446,0.6928571428571428,0.7048087985160403,bipolar,"['brain', 'other']",0.0,True,LogisticRegressionCV,4,"data.lazy_loading=true; model.class_weight=balanced; data.signal_mode=bipolar; data.filter_freq=[1,100]; data.notch_freqs=[60]; data.window_len_min=2; data.max_windows_per_subject=40; data.seed=4; output_dir=logs/train/bipolar_filtered/runs/bipolar_filt_cap40_seed4",logs/train/bipolar_filtered/runs/bipolar_filt_cap40_seed4
